<?xml version ="1.0" encoding="UTF8"?>
<Simulation>
	<info>
		<type>Wator</type>
		<title>Wa-Tor World Simulation</title>
		<author>Group 8</author>
		<isToroidal>false</isToroidal>
	</info>
	<parameters>
		<gridWidth>40</gridWidth>
		<gridHeight>40</gridHeight>
		<numVertices>6</numVertices>
		<fishBreedTime>5</fishBreedTime>
		<sharkBreedTime>5</sharkBreedTime>
		<sharkStarveTime>8</sharkStarveTime>
		<percentShark>10</percentShark>
		<percentFish>80</percentFish>
		<fishColor>green</fishColor>
		<sharkColor>red</sharkColor>
		<emptyColor>aquamarine</emptyColor>
		<numCellVertices>4</numCellVertices>
	</parameters>
</Simulation>
