<?xml version ="1.0" encoding="UTF8"?>
<Simulation>
	<info>
		<type>Segregation</type>
		<title>Segregation Simulation</title>
		<author>Group 8</author>
		<isToroidal>true</isToroidal>
	</info>
	<parameters>
		<gridWidth>30</gridWidth>
		<gridHeight>30</gridHeight>
		<numVertices>4</numVertices>
		<satisfaction>40</satisfaction>
		<percentOne>45</percentOne>
		<percentTwo>45</percentTwo>
		<emptyColor>white</emptyColor>
		<agentOneColor>red</agentOneColor>
		<agentTwoColor>blue</agentTwoColor>
		<numCellVertices>4</numCellVertices>
	</parameters>
</Simulation>
